-- --------------------------------------------------------
-- Host:                         127.0.0.1
-- Server version:               5.5.16 - MySQL Community Server (GPL)
-- Server OS:                    Win32
-- HeidiSQL Version:             8.3.0.4695
-- --------------------------------------------------------

/*!40101 SET @OLD_CHARACTER_SET_CLIENT=@@CHARACTER_SET_CLIENT */;
/*!40101 SET NAMES utf8 */;
/*!40014 SET @OLD_FOREIGN_KEY_CHECKS=@@FOREIGN_KEY_CHECKS, FOREIGN_KEY_CHECKS=0 */;
/*!40101 SET @OLD_SQL_MODE=@@SQL_MODE, SQL_MODE='NO_AUTO_VALUE_ON_ZERO' */;

-- Dumping structure for table angket.angket_masuk
CREATE TABLE IF NOT EXISTS `angket_masuk` (
  `angket_masuk_id` int(11) NOT NULL AUTO_INCREMENT,
  `project_detail_id` int(11) NOT NULL,
  `file_upload` varchar(50) NOT NULL,
  `create_date` timestamp NOT NULL DEFAULT CURRENT_TIMESTAMP ON UPDATE CURRENT_TIMESTAMP,
  `create_by` int(11) NOT NULL,
  PRIMARY KEY (`angket_masuk_id`),
  KEY `project_detail_id` (`project_detail_id`)
) ENGINE=InnoDB AUTO_INCREMENT=34 DEFAULT CHARSET=latin1;

-- Dumping data for table angket.angket_masuk: ~28 rows (approximately)
/*!40000 ALTER TABLE `angket_masuk` DISABLE KEYS */;
INSERT INTO `angket_masuk` (`angket_masuk_id`, `project_detail_id`, `file_upload`, `create_date`, `create_by`) VALUES
	(1, 3, '', '2013-10-17 20:21:35', 1),
	(2, 3, '', '2013-10-17 20:21:41', 1),
	(3, 3, '', '2013-10-17 20:21:45', 1),
	(4, 3, '', '2013-10-17 20:21:51', 1),
	(5, 12, '', '2013-10-17 20:22:49', 1),
	(6, 12, '', '2013-10-17 20:22:49', 1),
	(7, 4, '', '2013-10-17 20:23:00', 1),
	(8, 4, '', '2013-10-17 20:23:01', 1),
	(9, 4, '', '2013-10-17 20:23:01', 1),
	(10, 3, '', '2013-10-17 20:23:08', 1),
	(11, 4, '', '2013-10-17 20:23:11', 1),
	(12, 12, '', '2013-10-17 20:22:49', 1),
	(13, 2, '', '2013-10-17 20:23:08', 1),
	(16, 5, 'angket_5_1_2013_10_17_17_08_48.jpg', '2013-10-17 22:08:48', 1),
	(17, 10, 'angket_10_1_2013_10_17_17_18_47.jpg', '2013-10-17 22:18:47', 1),
	(20, 12, 'angket_12_1_2013_10_17_17_21_03.jpg', '2013-10-17 22:21:03', 1),
	(22, 11, '', '2013-10-17 22:21:50', 1),
	(23, 11, 'angket_11_1_2013_10_17_17_22_12.jpg', '2013-10-17 22:22:12', 1),
	(24, 11, 'angket_11_1_2013_10_17_17_22_58.jpg', '2013-10-17 22:22:58', 1),
	(25, 11, 'angket_11_1_2013_10_17_17_22_58.jpg', '2013-10-17 23:11:59', 2),
	(26, 11, 'angket_11_1_2013_10_17_17_22_58.jpg', '2013-10-17 23:12:01', 2),
	(27, 11, 'angket_11_1_2013_10_17_17_22_58.jpg', '2013-10-17 23:12:03', 2),
	(28, 12, '', '2013-10-17 23:12:19', 2),
	(29, 12, '', '2013-10-17 20:22:49', 2),
	(30, 10, 'angket_10_1_2013_10_17_19_11_14.pdf', '2013-10-18 00:11:14', 1),
	(31, 6, 'angket_6_1_2013_11_25_01_56_28.jpg', '2013-11-25 07:56:28', 1),
	(32, 4, 'angket_4_1_2013_11_25_01_56_54.jpg', '2013-11-25 07:56:54', 1),
	(33, 11, 'angket_11_1_2014_02_14_17_23_03.png', '2014-02-14 23:23:03', 1);
/*!40000 ALTER TABLE `angket_masuk` ENABLE KEYS */;


-- Dumping structure for table angket.city
CREATE TABLE IF NOT EXISTS `city` (
  `city_id` int(11) NOT NULL AUTO_INCREMENT,
  `city_name` varchar(200) NOT NULL,
  `province_id` int(11) NOT NULL,
  `user_create` int(11) DEFAULT NULL,
  `create_date` datetime DEFAULT NULL,
  `user_update` int(11) DEFAULT NULL,
  `update_date` timestamp NULL DEFAULT CURRENT_TIMESTAMP ON UPDATE CURRENT_TIMESTAMP,
  `deleted` int(11) DEFAULT '0',
  PRIMARY KEY (`city_id`),
  KEY `province_id` (`province_id`)
) ENGINE=MyISAM AUTO_INCREMENT=380 DEFAULT CHARSET=latin1 ROW_FORMAT=DYNAMIC;

-- Dumping data for table angket.city: 373 rows
/*!40000 ALTER TABLE `city` DISABLE KEYS */;
INSERT INTO `city` (`city_id`, `city_name`, `province_id`, `user_create`, `create_date`, `user_update`, `update_date`, `deleted`) VALUES
	(1, 'Kabupaten Aceh Barat', 1, 1, '2012-09-09 01:44:50', 1, '2012-09-18 18:19:07', 0),
	(2, 'Other', 1, 1, '2012-09-09 01:44:50', 1, '2013-01-20 21:37:12', 0),
	(3, 'Kabupaten Serang', 3, 1, '2012-09-09 01:44:50', 1, '2012-09-19 04:37:27', 0),
	(4, 'Tangerang Selatan', 3, 1, '2012-09-09 01:44:50', 1, '2013-01-20 08:09:43', 0),
	(5, 'Other', 3, 1, '2012-09-09 01:44:50', 1, '2013-01-20 21:38:08', 0),
	(7, 'Other', 7, 1, '2012-09-09 01:44:50', 1, '2013-01-20 21:39:02', 0),
	(8, 'Bandung', 8, 1, '2012-09-09 01:44:50', NULL, NULL, 0),
	(9, 'Karawang', 8, 1, '2012-09-09 01:44:50', NULL, NULL, 0),
	(10, 'Other', 8, 1, '2012-09-09 01:44:50', 1, '2013-01-20 21:39:59', 0),
	(11, 'Solo', 9, 1, '2012-09-09 01:44:50', 1, '2013-01-20 21:34:15', 0),
	(12, 'Tegal', 9, 1, '2012-09-09 01:44:50', 1, '2013-02-08 23:12:41', 0),
	(13, 'Other', 9, 1, '2012-09-09 01:44:50', 1, '2013-01-20 21:43:42', 0),
	(14, 'Other', 14, 1, '2012-09-09 01:44:50', 1, '2013-01-20 21:46:17', 0),
	(15, 'Kabupaten Belitung', 15, 1, '2012-09-09 01:44:50', 1, '2012-09-19 08:11:49', 0),
	(16, 'Other', 16, 1, '2012-09-09 01:44:50', 1, '2013-01-20 21:47:46', 0),
	(17, 'Other', 17, 1, '2012-09-09 01:44:50', 1, '2013-01-20 21:48:35', 0),
	(18, 'Other', 18, 1, '2012-09-09 01:44:50', 1, '2013-01-27 17:19:43', 0),
	(19, 'Other', 19, 1, '2012-09-09 01:44:50', 1, '2013-01-27 17:23:14', 0),
	(20, 'Other', 20, 1, '2012-09-09 01:44:50', 1, '2013-01-27 17:24:19', 0),
	(21, 'Other', 21, 1, '2012-09-09 01:44:50', 1, '2013-01-27 17:26:38', 0),
	(22, 'Other', 22, 1, '2012-09-09 01:44:50', 1, '2013-01-27 17:27:47', 0),
	(23, 'Other', 23, 1, '2012-09-09 01:44:50', 1, '2013-01-27 17:30:04', 0),
	(24, 'Other', 24, 1, '2012-09-09 01:44:50', 1, '2013-01-27 17:31:07', 0),
	(25, 'Other', 25, 1, '2012-09-09 01:44:50', 1, '2013-01-27 17:33:38', 0),
	(26, 'Other', 26, 1, '2012-09-09 01:44:50', 1, '2013-01-27 17:38:20', 0),
	(27, 'Other', 27, 1, '2012-09-09 01:44:50', 1, '2013-01-27 17:39:23', 0),
	(28, 'Other', 28, 1, '2012-09-09 01:44:50', 1, '2013-01-27 17:40:34', 0),
	(29, 'Other', 29, 1, '2012-09-09 01:44:50', 1, '2013-01-27 17:44:50', 0),
	(30, 'Other', 30, 1, '2012-09-09 01:44:50', 1, '2013-01-27 17:47:37', 0),
	(31, 'Other', 31, 1, '2012-09-09 01:44:50', 1, '2013-01-27 17:50:57', 0),
	(32, 'Other', 32, 1, '2012-09-09 01:44:50', 1, '2013-01-27 17:53:12', 0),
	(33, 'Other', 33, 1, '2012-09-09 01:44:50', 1, '2013-01-27 17:54:16', 0),
	(34, 'Other', 2, 1, '2012-09-09 01:44:50', 1, '2013-01-27 17:57:00', 0),
	(35, 'Other', 4, 1, '2012-09-09 01:44:50', 1, '2013-01-27 17:59:07', 0),
	(36, 'Other', 5, 1, '2012-09-09 01:44:50', 1, '2013-01-27 18:00:54', 0),
	(37, 'Cilacap', 9, 1, '2012-09-09 01:44:50', 1, '2013-10-17 15:22:52', 0),
	(38, 'Other', 10, 1, '2012-09-09 01:44:50', 1, '2013-01-27 18:02:14', 0),
	(39, 'Other', 11, 1, '2012-09-09 01:44:50', 1, '2013-01-27 18:03:15', 0),
	(40, 'Other', 12, 1, '2012-09-09 01:44:50', 1, '2013-01-27 18:05:29', 0),
	(41, 'Other', 13, 1, '2012-09-09 01:44:50', 1, '2013-01-27 18:06:24', 0),
	(42, 'Jakarta Barat', 34, 1, '2012-09-09 01:44:50', 1, '2013-09-12 20:57:24', 0),
	(43, 'Jakarta Pusat', 34, 1, '2012-09-09 01:44:50', 1, '2013-09-12 20:55:38', 0),
	(44, 'Jakarta Selatan', 34, 1, '2012-09-09 01:44:50', 1, '2013-09-12 20:53:02', 0),
	(45, 'Jakarta Timur', 34, 1, '2012-09-09 01:44:50', 1, '2013-09-12 20:52:09', 0),
	(46, 'Jakarta Utara', 34, 1, '2012-09-09 01:44:50', 1, '2013-09-12 20:51:19', 0),
	(47, 'Kabupaten Tangerang', 3, 1, '2012-09-18 12:29:13', 1, '2012-09-19 04:36:00', 0),
	(48, 'Kabupaten Aceh Tengah', 1, 1, '2012-09-18 18:19:53', 1, '2012-09-18 18:53:21', 0),
	(49, 'Kabupaten Aceh Besar', 1, 1, '2012-09-18 18:20:16', NULL, NULL, 0),
	(53, 'Kabupaten Aceh Jaya', 1, 1, '2012-09-18 18:49:56', NULL, NULL, 0),
	(54, 'Kota Banda Aceh', 1, 1, '2012-09-18 18:52:01', NULL, NULL, 0),
	(55, 'Kabupaten Aceh Selatan', 1, 1, '2012-09-18 18:54:20', NULL, NULL, 0),
	(56, 'Kabupaten Aceh Timur', 1, 1, '2012-09-18 18:55:06', NULL, NULL, 0),
	(57, 'Kota Denpasar', 2, 1, '2012-09-18 18:58:50', 1, '2013-09-11 21:40:34', 0),
	(58, 'Kabupaten Badung', 2, 1, '2012-09-18 18:59:29', NULL, NULL, 0),
	(59, 'Kabupaten Bangli', 2, 1, '2012-09-18 19:00:06', NULL, NULL, 0),
	(60, 'Kabupaten Buleleng', 2, 1, '2012-09-18 19:00:29', NULL, NULL, 0),
	(61, 'Kabupaten Gianyar', 2, 1, '2012-09-18 19:02:49', NULL, NULL, 0),
	(62, 'Kabupaten Jembrana', 2, 1, '2012-09-18 19:03:17', NULL, NULL, 0),
	(63, 'Kabupaten Karangasem', 2, 1, '2012-09-18 19:03:40', NULL, NULL, 0),
	(64, 'Kabupaten Klungkung', 2, 1, '2012-09-18 19:04:18', NULL, NULL, 0),
	(65, 'Kabupaten Tabanan', 2, 1, '2012-09-18 19:04:53', NULL, NULL, 0),
	(137, 'Others', 15, 1, '2012-09-19 08:10:55', 1, '2013-01-20 21:35:10', 0),
	(67, 'Kabupaten Serang', 3, 1, '2012-09-19 04:36:37', NULL, NULL, 0),
	(68, 'Kabupaten Lebak', 3, 1, '2012-09-19 04:37:53', NULL, NULL, 0),
	(69, 'Kabupaten Pandeglang 	', 3, 1, '2012-09-19 04:38:11', NULL, NULL, 0),
	(70, 'Kota Tangerang', 3, 1, '2012-09-19 04:38:32', 1, '2013-02-08 23:47:46', 0),
	(71, 'Kota Serang', 3, 1, '2012-09-19 04:39:17', 1, '2013-02-09 15:12:39', 0),
	(72, 'Kota Cilegon', 3, 1, '2012-09-19 04:39:35', 1, '2013-09-11 21:45:19', 0),
	(73, 'Kota Tangerang Selatan 	', 3, 1, '2012-09-19 04:39:53', 1, '2013-02-08 23:33:21', 0),
	(74, 'Kabupaten Bengkulu Selatan', 4, 1, '2012-09-19 04:41:11', NULL, NULL, 0),
	(75, 'Kabupaten Bengkulu Tengah', 4, 1, '2012-09-19 04:41:28', NULL, NULL, 0),
	(76, 'Kabupaten Bengkulu Utara', 4, 1, '2012-09-19 04:41:46', NULL, NULL, 0),
	(77, 'Kabupaten Kaur', 4, 1, '2012-09-19 04:41:59', NULL, NULL, 0),
	(78, 'Kabupaten Kepahiang', 4, 1, '2012-09-19 04:42:19', NULL, NULL, 0),
	(79, 'Kabupaten Lebong', 4, 1, '2012-09-19 04:42:32', NULL, NULL, 0),
	(80, 'Kabupaten Mukomuko', 4, 1, '2012-09-19 04:42:46', NULL, NULL, 0),
	(81, 'Kabupaten Rejang Lebong', 4, 1, '2012-09-19 04:43:02', NULL, NULL, 0),
	(82, 'Kabupaten Seluma', 4, 1, '2012-09-19 04:43:18', NULL, NULL, 0),
	(83, 'Kota Bengkulu', 4, 1, '2012-09-19 04:43:34', NULL, NULL, 0),
	(84, 'Other', 34, 1, '2012-09-19 04:44:57', 1, '2013-01-20 21:51:22', 0),
	(85, 'Kabupaten Boalemo', 5, 1, '2012-09-19 04:45:48', NULL, NULL, 0),
	(86, 'Kabupaten Bone Bolango', 5, 1, '2012-09-19 04:46:03', NULL, NULL, 0),
	(87, 'Kabupaten Gorontalo', 5, 1, '2012-09-19 04:46:21', NULL, NULL, 0),
	(88, 'Kabupaten Gorontalo Utara', 5, 1, '2012-09-19 04:46:37', NULL, NULL, 0),
	(89, 'Kabupaten Pohuwato', 5, 1, '2012-09-19 04:46:56', NULL, NULL, 0),
	(90, 'Kota Gorontalo', 5, 1, '2012-09-19 04:47:15', 1, '2013-02-13 23:17:15', 0),
	(91, 'Kabupaten Batanghari', 7, 1, '2012-09-19 04:48:12', NULL, NULL, 0),
	(92, 'Kabupaten Bungo', 7, 1, '2012-09-19 04:48:27', NULL, NULL, 0),
	(93, 'Kabupaten Kerinci', 7, 1, '2012-09-19 04:48:40', NULL, NULL, 0),
	(94, 'Kabupaten Merangin', 7, 1, '2012-09-19 04:48:56', NULL, NULL, 0),
	(95, 'Kabupaten Muaro Jambi', 7, 1, '2012-09-19 04:49:11', NULL, NULL, 0),
	(96, 'Kabupaten Sarolangun', 7, 1, '2012-09-19 04:49:27', NULL, NULL, 0),
	(97, 'Kabupaten Tanjung Jabung Barat/Timur', 7, 1, '2012-09-19 04:50:03', NULL, NULL, 0),
	(98, 'Kabupaten Tebo', 7, 1, '2012-09-19 04:50:24', NULL, NULL, 0),
	(99, 'Kota Jambi', 7, 1, '2012-09-19 04:50:39', 1, '2013-02-13 23:12:55', 0),
	(100, 'Kota Sungai Penuh', 7, 1, '2012-09-19 04:51:01', 1, '2013-02-09 15:25:22', 0),
	(101, 'Kota Bekasi', 8, 1, '2012-09-19 04:52:13', NULL, NULL, 0),
	(102, 'Kota Bogor', 8, 1, '2012-09-19 04:52:28', NULL, NULL, 0),
	(103, 'Kota Cimahi', 8, 1, '2012-09-19 04:52:49', 1, '2013-09-11 21:44:09', 0),
	(104, 'Kota Cirebon', 8, 1, '2012-09-19 04:53:04', 1, '2013-09-11 21:42:28', 0),
	(105, 'Kota Depok', 8, 1, '2012-09-19 04:53:29', 1, '2013-09-11 21:40:56', 0),
	(106, 'Kota Sukabumi', 8, 1, '2012-09-19 04:53:46', 1, '2013-02-09 00:07:47', 0),
	(107, 'Kota / Kab Tasikmalaya', 8, 1, '2012-09-19 04:54:39', NULL, NULL, 0),
	(108, 'Kabupaten Banjarnegara', 9, 1, '2012-09-19 04:58:20', NULL, NULL, 0),
	(109, 'Kabupaten Banyumas', 9, 1, '2012-09-19 04:58:47', NULL, NULL, 0),
	(110, 'Kabupaten Batang', 9, 1, '2012-09-19 04:59:14', NULL, NULL, 0),
	(111, 'Kabupaten Blora', 9, 1, '2012-09-19 04:59:32', NULL, NULL, 0),
	(112, 'Kabupaten Boyolali', 9, 1, '2012-09-19 04:59:58', NULL, NULL, 0),
	(113, 'Kabupaten Brebes', 9, 1, '2012-09-19 05:00:11', NULL, NULL, 0),
	(114, 'Kabupaten Cilacap', 9, 1, '2012-09-19 05:00:36', NULL, NULL, 0),
	(115, 'Kabupaten Demak', 9, 1, '2012-09-19 05:00:59', NULL, NULL, 0),
	(116, 'Kabupaten Grobogan', 9, 1, '2012-09-19 05:01:20', NULL, NULL, 0),
	(117, 'Kabupaten Jepara', 9, 1, '2012-09-19 05:01:55', NULL, NULL, 0),
	(118, 'Kabupaten Karanganyar', 9, 1, '2012-09-19 05:06:43', NULL, NULL, 0),
	(119, 'Kabupaten Kebumen', 9, 1, '2012-09-19 05:07:04', NULL, NULL, 0),
	(120, 'Kabupaten Kendal', 9, 1, '2012-09-19 05:07:48', NULL, NULL, 0),
	(121, 'Kabupaten Klaten', 9, 1, '2012-09-19 05:08:11', NULL, NULL, 0),
	(122, 'Kabupaten Kudus', 9, 1, '2012-09-19 05:08:49', NULL, NULL, 0),
	(123, 'Kabupaten Magelang', 9, 1, '2012-09-19 05:09:04', NULL, NULL, 0),
	(124, 'Kabupaten Pati', 9, 1, '2012-09-19 05:09:18', NULL, NULL, 0),
	(125, 'Kabupaten Pekalongan', 9, 1, '2012-09-19 05:09:41', NULL, NULL, 0),
	(126, 'Kabupaten Pemalang', 9, 1, '2012-09-19 05:10:01', NULL, NULL, 0),
	(127, 'Kabupaten Pemalang', 9, 1, '2012-09-19 05:10:23', NULL, NULL, 0),
	(128, 'Kabupaten Purworejo', 9, 1, '2012-09-19 05:10:44', NULL, NULL, 0),
	(129, 'Kabupaten Rembang', 9, 1, '2012-09-19 05:11:14', NULL, NULL, 0),
	(130, 'Kabupaten Semarang', 9, 1, '2012-09-19 05:11:29', NULL, NULL, 0),
	(131, 'Kabupaten Sragen', 9, 1, '2012-09-19 05:11:48', NULL, NULL, 0),
	(132, 'Kabupaten Sukoharjo', 9, 1, '2012-09-19 05:13:25', NULL, NULL, 0),
	(133, 'Kabupaten Tegal', 9, 1, '2012-09-19 05:13:44', NULL, NULL, 0),
	(134, 'Kabupaten Temanggung', 9, 1, '2012-09-19 05:14:02', NULL, NULL, 0),
	(135, 'Kabupaten Wonogiri', 9, 1, '2012-09-19 05:14:25', NULL, NULL, 0),
	(136, 'Kabupaten Wonosobo', 9, 1, '2012-09-19 05:14:55', NULL, NULL, 0),
	(138, 'Kabupaten Bangka', 15, 1, '2012-09-19 08:12:10', NULL, NULL, 0),
	(139, 'Kabupaten Bangkalan', 10, 1, '2012-09-19 08:39:17', NULL, NULL, 0),
	(140, 'Kabupaten Banyuwangi', 10, 1, '2012-09-19 08:39:49', NULL, NULL, 0),
	(141, 'Kabupaten Blitar', 10, 1, '2012-09-19 08:40:36', NULL, NULL, 0),
	(142, 'Kabupaten Bojonegoro', 10, 1, '2012-09-19 08:41:21', NULL, NULL, 0),
	(143, 'Kabupaten Bondowoso', 10, 1, '2012-09-19 08:41:46', NULL, NULL, 0),
	(144, 'Kabupaten Gresik', 10, 1, '2012-09-19 08:42:24', NULL, NULL, 0),
	(145, 'Kabupaten Jember', 10, 1, '2012-09-19 08:42:40', NULL, NULL, 0),
	(146, 'Kabupaten Jombang', 10, 1, '2012-09-19 08:43:04', NULL, NULL, 0),
	(147, 'Kabupaten Kediri', 10, 1, '2012-09-19 08:43:26', NULL, NULL, 0),
	(148, 'Kabupaten Lamongan', 10, 1, '2012-09-19 08:43:45', NULL, NULL, 0),
	(149, 'Kabupaten Lumajang', 10, 1, '2012-09-19 08:44:15', NULL, NULL, 0),
	(150, 'Kabupaten Madiun', 10, 1, '2012-09-19 08:44:34', NULL, NULL, 0),
	(151, 'Kabupaten Magetan', 7, 1, '2012-09-19 08:45:11', NULL, NULL, 0),
	(152, 'Kabupaten Malang', 10, 1, '2012-09-19 08:46:18', NULL, NULL, 0),
	(153, 'Kabupaten Mojokerto', 10, 1, '2012-09-19 08:46:36', NULL, NULL, 0),
	(154, 'Kabupaten Nganjuk', 10, 1, '2012-09-19 08:46:55', NULL, NULL, 0),
	(155, 'Kabupaten Ngawi', 10, 1, '2012-09-19 08:47:20', NULL, NULL, 0),
	(156, 'Kabupaten Pacitan', 10, 1, '2012-09-19 08:47:45', NULL, NULL, 0),
	(157, 'Kabupaten Pamekasan', 10, 1, '2012-09-19 08:48:04', NULL, NULL, 0),
	(158, 'Kabupaten Pasuruan', 10, 1, '2012-09-19 08:48:20', NULL, NULL, 0),
	(159, 'Kabupaten Ponorogo', 10, 1, '2012-09-19 08:48:54', NULL, NULL, 0),
	(160, 'Kabupaten Probolinggo', 10, 1, '2012-09-19 08:49:14', NULL, NULL, 0),
	(161, 'Kabupaten Sampang', 10, 1, '2012-09-19 08:49:37', NULL, NULL, 0),
	(162, 'Kabupaten Sidoarjo', 10, 1, '2012-09-19 08:50:54', NULL, NULL, 0),
	(163, 'Kabupaten Situbondo', 10, 1, '2012-09-19 08:51:19', NULL, NULL, 0),
	(164, 'Kabupaten Sumenep', 10, 1, '2012-09-19 08:51:37', NULL, NULL, 0),
	(165, 'Kabupaten Trenggalek', 10, 1, '2012-09-19 08:51:59', NULL, NULL, 0),
	(166, 'Kabupaten Tuban', 10, 1, '2012-09-19 08:52:23', NULL, NULL, 0),
	(167, 'Kabupaten Tulungagung', 10, 1, '2012-09-19 08:52:41', NULL, NULL, 0),
	(168, 'Kabupaten Bengkayang', 11, 1, '2012-09-19 08:55:17', NULL, NULL, 0),
	(169, 'Kabupaten Kapuas Hulu', 11, 1, '2012-09-19 08:56:17', NULL, NULL, 0),
	(170, 'Kabupaten Kayong Utara', 11, 1, '2012-09-19 08:56:32', NULL, NULL, 0),
	(171, 'Kabupaten Ketapang', 11, 1, '2012-09-19 08:57:09', NULL, NULL, 0),
	(172, 'Kabupaten Kubu Raya', 11, 1, '2012-09-19 08:57:22', NULL, NULL, 0),
	(173, 'Kabupaten Landak', 11, 1, '2012-09-19 08:58:22', NULL, NULL, 0),
	(174, 'Kabupaten Melawi', 11, 1, '2012-09-19 08:59:15', NULL, NULL, 0),
	(175, 'Kabupaten Pontianak', 11, 1, '2012-09-19 08:59:38', NULL, NULL, 0),
	(176, 'Kabupaten Sambas', 11, 1, '2012-09-19 09:00:34', NULL, NULL, 0),
	(177, 'Kabupaten Sanggau', 11, 1, '2012-09-19 09:00:51', NULL, NULL, 0),
	(178, 'Kabupaten Sekadau', 11, 1, '2012-09-19 09:01:10', NULL, NULL, 0),
	(179, 'Kabupaten Sintang', 11, 1, '2012-09-19 09:01:29', NULL, NULL, 0),
	(180, 'Kota Pontianak', 11, 1, '2012-09-19 09:01:56', 1, '2013-02-09 15:19:29', 0),
	(181, 'Kota Singkawang', 11, 1, '2012-09-19 09:02:47', 1, '2013-02-09 12:52:15', 0),
	(182, 'Kabupaten Balangan', 12, 1, '2012-09-19 09:03:53', NULL, NULL, 0),
	(183, 'Kabupaten Banjar', 12, 1, '2012-09-19 09:04:13', NULL, NULL, 0),
	(184, 'Kabupaten Barito Kuala', 12, 1, '2012-09-19 09:04:32', NULL, NULL, 0),
	(185, 'Kabupaten Hulu Sungai Utara/Tengah/ Selatan', 12, 1, '2012-09-19 09:05:15', NULL, NULL, 0),
	(186, 'Kabupaten Kotabaru', 12, 1, '2012-09-19 09:05:32', NULL, NULL, 0),
	(187, 'Kabupaten Barito', 13, 1, '2012-09-19 23:36:24', NULL, NULL, 0),
	(188, 'Kabupaten Gunung Mas', 13, 1, '2012-09-19 23:36:44', NULL, NULL, 0),
	(189, 'Kabupaten Kapuas', 13, 1, '2012-09-19 23:37:22', NULL, NULL, 0),
	(190, 'Kabupaten Katingan', 13, 1, '2012-09-19 23:38:08', NULL, NULL, 0),
	(191, 'Kabupaten Kotawaringin', 13, 1, '2012-09-19 23:39:22', NULL, NULL, 0),
	(192, 'Kabupaten Lamandau', 13, 1, '2012-09-19 23:39:52', NULL, NULL, 0),
	(193, 'Kabupaten Murung Raya', 13, 1, '2012-09-19 23:43:47', NULL, NULL, 0),
	(194, 'Kabupaten Pulang Pisau', 13, 1, '2012-09-19 23:44:08', NULL, NULL, 0),
	(195, 'Kabupaten Sukamara', 13, 1, '2012-09-19 23:44:42', NULL, NULL, 0),
	(196, 'Kabupaten Seruyan', 13, 1, '2012-09-19 23:46:06', NULL, NULL, 0),
	(197, 'Kota Palangka Raya', 13, 1, '2012-09-19 23:46:29', 1, '2013-02-13 22:41:48', 0),
	(198, 'Kota Tarakan', 14, 1, '2012-09-19 23:47:59', 1, '2013-02-08 23:07:23', 0),
	(199, 'Kota Samarinda', 14, 1, '2012-09-19 23:48:21', 1, '2013-02-09 15:15:41', 0),
	(200, 'Kota Bontang', 14, 1, '2012-09-19 23:49:08', NULL, NULL, 0),
	(201, 'Kota Balikpapan', 14, 1, '2012-09-19 23:49:39', NULL, NULL, 0),
	(202, 'Kabupaten Kutai Barat/Timur/Kutai Kertanegara', 14, 1, '2012-09-19 23:50:38', NULL, NULL, 0),
	(203, 'Kabupaten Berau', 14, 1, '2012-09-19 23:51:04', NULL, NULL, 0),
	(204, 'Kabupaten Bulungan', 14, 1, '2012-09-19 23:51:38', NULL, NULL, 0),
	(205, 'Kabupaten Malinau', 14, 1, '2012-09-19 23:55:44', NULL, NULL, 0),
	(206, 'Kabupaten Nunukan', 14, 1, '2012-09-19 23:56:13', NULL, NULL, 0),
	(207, 'Kabupaten Paser', 14, 1, '2012-09-19 23:56:40', NULL, NULL, 0),
	(208, 'Kabupaten Bintan', 16, 1, '2012-09-20 05:43:15', NULL, NULL, 0),
	(209, 'Kabupaten Karimun', 16, 1, '2012-09-20 05:43:32', NULL, NULL, 0),
	(210, 'Kabupaten Kepulauan Anambas', 16, 1, '2012-09-20 05:43:56', NULL, NULL, 0),
	(211, 'Kabupaten Lingga', 16, 1, '2012-09-20 05:44:24', NULL, NULL, 0),
	(212, 'Kabupaten Natuna', 16, 1, '2012-09-20 05:44:48', NULL, NULL, 0),
	(213, 'Kota Batam', 16, 1, '2012-09-20 05:45:14', NULL, NULL, 0),
	(214, 'Kota Tanjung Pinang', 16, 1, '2012-09-20 05:45:33', 1, '2013-02-08 23:26:10', 0),
	(215, 'Kabupaten Mesuji', 17, 1, '2012-09-20 05:46:58', NULL, NULL, 0),
	(216, 'Kabupaten Pesawaran', 17, 1, '2012-09-20 05:47:22', NULL, NULL, 0),
	(217, 'Kabupaten Pringsewu', 17, 1, '2012-09-20 05:47:44', NULL, NULL, 0),
	(218, 'Kabupaten Tanggamus', 17, 1, '2012-09-20 05:48:07', NULL, NULL, 0),
	(219, 'Kabupaten Tulang Bawang', 17, 1, '2012-09-20 05:48:29', NULL, NULL, 0),
	(220, 'Kabupaten Way Kanan', 17, 1, '2012-09-20 05:48:50', NULL, NULL, 0),
	(221, 'Kota Bandar Lampung', 17, 1, '2012-09-20 05:49:13', NULL, NULL, 0),
	(222, 'Kota Metro', 17, 1, '2012-09-20 05:49:34', 1, '2013-02-13 22:54:29', 0),
	(223, 'Kabupaten Lampung', 17, 1, '2012-09-20 05:50:02', NULL, NULL, 0),
	(224, 'Kabupaten Buru', 18, 1, '2012-09-20 05:50:49', NULL, NULL, 0),
	(225, 'Kabupaten Kepulauan Aru', 18, 1, '2012-09-20 05:51:18', NULL, NULL, 0),
	(226, 'Kabupaten Maluku', 18, 1, '2012-09-20 06:18:38', NULL, NULL, 0),
	(227, 'Kabupaten Seram', 18, 1, '2012-09-20 06:19:00', NULL, NULL, 0),
	(228, 'Kota Ambon', 18, 1, '2012-09-20 06:19:31', NULL, NULL, 0),
	(229, 'Kota Tual', 18, 1, '2012-09-20 06:19:44', 1, '2013-01-27 18:15:51', 0),
	(230, 'Kabupaten Halmahera', 19, 1, '2012-09-20 06:20:17', NULL, NULL, 0),
	(231, 'Kabupaten Kepulauan Sula', 19, 1, '2012-09-20 06:20:37', NULL, NULL, 0),
	(232, 'Kabupaten Pulau Morotai', 19, 1, '2012-09-20 06:21:19', NULL, NULL, 0),
	(233, 'Kota Ternate', 19, 1, '2012-09-20 06:21:38', 0, '2013-01-27 20:44:37', 0),
	(234, 'Kota Tidore Kepulauan', 19, 1, '2012-09-20 06:21:56', 1, '2013-02-08 23:11:43', 0),
	(235, 'Kabupaten Bima', 20, 1, '2012-09-20 06:22:44', NULL, NULL, 0),
	(236, 'Kabupaten Dompu', 20, 1, '2012-09-20 06:23:03', NULL, NULL, 0),
	(237, 'Kabupaten Lombok', 20, 1, '2012-09-20 06:23:25', NULL, NULL, 0),
	(238, 'Kabupaten Sumbawa', 20, 1, '2012-09-20 06:23:46', NULL, NULL, 0),
	(239, 'Kota Mataram', 20, 1, '2012-09-20 06:24:15', 1, '2013-02-13 22:57:28', 0),
	(240, 'Kabupaten Alor', 21, 1, '2012-09-20 06:24:48', NULL, NULL, 0),
	(241, 'Kabupaten Belu (Atambua)', 21, 1, '2012-09-20 06:25:25', NULL, NULL, 0),
	(242, 'Kabupaten Ende (Ende)', 21, 1, '2012-09-20 06:25:52', NULL, NULL, 0),
	(243, 'Kabupaten Flores Timur (Larantuka)', 21, 1, '2012-09-20 06:26:23', NULL, NULL, 0),
	(244, 'Kabupaten Kupang', 21, 1, '2012-09-20 06:26:46', NULL, NULL, 0),
	(245, 'Kabupaten Lembata', 21, 1, '2012-09-20 06:27:02', NULL, NULL, 0),
	(246, 'Kabupaten Manggarai', 21, 1, '2012-09-20 06:27:21', NULL, NULL, 0),
	(247, 'Kabupaten Ngada', 21, 1, '2012-09-20 06:28:22', NULL, NULL, 0),
	(248, 'Kabupaten Nagekeo', 21, 1, '2012-09-20 06:28:50', NULL, NULL, 0),
	(249, 'Kabupaten Rote Ndao', 21, 1, '2012-09-20 06:29:27', NULL, NULL, 0),
	(250, 'Kabupaten Sabu Raijua', 21, 1, '2012-09-20 06:29:48', NULL, NULL, 0),
	(251, 'Kabupaten Sikka', 21, 1, '2012-09-20 06:30:06', NULL, NULL, 0),
	(252, 'Kabupaten Sumba', 21, 1, '2012-09-20 06:30:35', NULL, NULL, 0),
	(253, 'Kabupaten Timor Tengah', 21, 1, '2012-09-20 06:43:35', NULL, NULL, 0),
	(254, 'Kabupaten Asmat', 22, 1, '2012-09-20 06:45:40', NULL, NULL, 0),
	(255, 'Kabupaten Merauke', 22, 1, '2012-09-20 06:46:05', NULL, NULL, 0),
	(256, 'Kabupaten Mimika', 22, 1, '2012-09-20 06:46:23', NULL, NULL, 0),
	(257, 'Kabupaten Nabire', 22, 1, '2012-09-20 06:46:43', NULL, NULL, 0),
	(258, 'Kabupaten Puncak', 22, 1, '2012-09-20 06:47:06', NULL, NULL, 0),
	(259, 'Kabupaten Puncak Jaya', 22, 1, '2012-09-20 06:47:27', NULL, NULL, 0),
	(260, 'Kabupaten Yahukimo', 22, 1, '2012-09-20 06:47:46', NULL, NULL, 0),
	(261, 'Kota Jayapura', 22, 1, '2012-09-20 06:48:06', 1, '2013-02-13 23:11:05', 0),
	(262, 'Kabupaten Jayawijaya', 22, 1, '2012-09-20 06:48:34', NULL, NULL, 0),
	(263, 'Kabupaten Jayapura', 22, 1, '2012-09-20 06:48:55', NULL, NULL, 0),
	(264, 'Kabupaten Fakfak', 23, 1, '2012-09-20 06:50:40', NULL, NULL, 0),
	(265, 'Kabupaten Kaimana', 23, 1, '2012-09-20 06:50:55', NULL, NULL, 0),
	(266, 'Kabupaten Manokwari', 23, 1, '2012-09-20 06:51:13', NULL, NULL, 0),
	(267, 'Kabupaten Maybrat', 23, 1, '2012-09-20 06:51:42', NULL, NULL, 0),
	(268, 'Kabupaten Raja Ampat', 23, 1, '2012-09-20 06:52:03', NULL, NULL, 0),
	(269, 'Kabupaten Sorong', 23, 1, '2012-09-20 06:52:32', NULL, NULL, 0),
	(270, 'Kabupaten Tambrauw', 23, 1, '2012-09-20 06:53:00', NULL, NULL, 0),
	(271, 'Kabupaten Teluk Bintuni', 23, 1, '2012-09-20 06:53:28', NULL, NULL, 0),
	(272, 'Kabupaten Teluk Wondama', 23, 1, '2012-09-20 06:53:45', NULL, NULL, 0),
	(273, 'Kota Sorong', 23, 1, '2012-09-20 06:54:02', 1, '2013-02-09 12:48:30', 0),
	(274, 'Kabupaten Bengkalis', 24, 1, '2012-09-20 06:54:36', NULL, NULL, 0),
	(275, 'Kabupaten Indragiri Hilir', 24, 1, '2012-09-20 06:54:56', NULL, NULL, 0),
	(276, 'Kabupaten Indragiri Hulu', 24, 1, '2012-09-20 06:55:12', NULL, NULL, 0),
	(277, 'Kabupaten Kampar', 24, 1, '2012-09-20 06:55:28', NULL, NULL, 0),
	(278, 'Kabupaten Kuantan Singingi', 24, 1, '2012-09-20 06:55:53', NULL, NULL, 0),
	(279, 'Kabupaten Pelalawan', 24, 1, '2012-09-20 06:56:09', NULL, NULL, 0),
	(280, 'Kabupaten Rokan Hilir', 24, 1, '2012-09-20 06:56:27', NULL, NULL, 0),
	(281, 'Kabupaten Rokan Hulu', 24, 1, '2012-09-20 06:56:47', NULL, NULL, 0),
	(282, 'Kabupaten Siak', 24, 1, '2012-09-20 06:57:38', NULL, NULL, 0),
	(283, 'Kabupaten Kepulauan Meranti', 24, 1, '2012-09-20 06:57:56', NULL, NULL, 0),
	(284, 'Kota Dumai', 24, 1, '2012-09-20 06:58:13', 1, '2013-02-13 23:30:07', 0),
	(285, 'Kota Pekanbaru', 24, 1, '2012-09-20 06:58:33', 1, '2013-02-09 15:23:49', 0),
	(286, 'Kabupaten Majene', 25, 1, '2012-09-20 06:59:30', NULL, NULL, 0),
	(287, 'Kabupaten Mamasa', 25, 1, '2012-09-20 06:59:50', NULL, NULL, 0),
	(288, 'Kabupaten Mamuju', 25, 1, '2012-09-20 07:01:08', NULL, NULL, 0),
	(289, 'Kabupaten Polewali Mandar', 25, 1, '2012-09-20 07:01:31', NULL, NULL, 0),
	(290, 'Kabupaten Bantaeng', 26, 1, '2012-09-20 07:02:25', NULL, NULL, 0),
	(291, 'Kabupaten Barru', 26, 1, '2012-09-20 07:02:41', NULL, NULL, 0),
	(292, 'Kabupaten Bone', 26, 1, '2012-09-20 07:02:58', NULL, NULL, 0),
	(293, 'Kabupaten Bulukumba', 26, 1, '2012-09-20 07:03:14', NULL, NULL, 0),
	(294, 'Kabupaten Enrekang', 26, 1, '2012-09-20 07:03:35', NULL, NULL, 0),
	(295, 'Kabupaten Gowa', 26, 1, '2012-09-20 07:03:52', NULL, NULL, 0),
	(296, 'Kabupaten Jeneponto', 26, 1, '2012-09-20 07:04:16', NULL, NULL, 0),
	(297, 'Kabupaten Kepulauan Selayar', 26, 1, '2012-09-20 07:04:40', NULL, NULL, 0),
	(298, 'Kabupaten Luwu', 26, 1, '2012-09-20 07:06:48', NULL, NULL, 0),
	(299, 'Kabupaten Maros', 26, 1, '2012-09-20 07:07:07', NULL, NULL, 0),
	(300, 'Kabupaten Pinrang', 26, 1, '2012-09-20 07:07:38', NULL, NULL, 0),
	(301, 'Kabupaten Pangkajene', 26, 1, '2012-09-20 07:07:58', NULL, NULL, 0),
	(302, 'Kabupaten Sidenreng Rappang', 26, 1, '2012-09-20 07:08:20', NULL, NULL, 0),
	(303, 'Kabupaten Sinjai', 26, 1, '2012-09-20 07:08:43', NULL, NULL, 0),
	(304, 'Kabupaten Soppeng', 26, 1, '2012-09-20 07:09:01', NULL, NULL, 0),
	(305, 'Kabupaten Takalar', 26, 1, '2012-09-20 07:12:43', NULL, NULL, 0),
	(306, 'Kabupaten Tana Toraja', 26, 1, '2012-09-20 07:13:53', NULL, NULL, 0),
	(307, 'Kabupaten Toraja Utara', 26, 1, '2012-09-20 07:14:07', NULL, NULL, 0),
	(308, 'Kabupaten Wajo', 26, 1, '2012-09-20 07:14:25', NULL, NULL, 0),
	(309, 'Kota Makassar', 26, 1, '2012-09-20 07:14:43', 1, '2013-02-13 23:03:51', 0),
	(310, 'Kota Palopo', 26, 1, '2012-09-20 07:15:02', 1, '2013-02-13 22:38:49', 0),
	(311, 'Kota Parepare', 26, 1, '2012-09-20 07:15:17', 1, '2013-02-13 22:31:11', 0),
	(312, 'Kabupaten Banggai', 27, 1, '2012-09-20 07:16:16', NULL, NULL, 0),
	(313, 'Kabupaten Buol', 27, 1, '2012-09-20 07:16:36', NULL, NULL, 0),
	(314, 'Kabupaten Donggala', 27, 1, '2012-09-20 07:16:54', NULL, NULL, 0),
	(315, 'Kabupaten Morowali', 27, 1, '2012-09-20 07:17:11', NULL, NULL, 0),
	(316, 'Kabupaten Parigi Moutong', 27, 1, '2012-09-20 07:17:32', NULL, NULL, 0),
	(317, 'Kabupaten Poso', 27, 1, '2012-09-20 07:17:47', NULL, NULL, 0),
	(318, 'Kabupaten Tojo Una-Una', 27, 1, '2012-09-20 07:18:05', NULL, NULL, 0),
	(319, 'Kabupaten Toli-Toli', 27, 1, '2012-09-20 07:18:25', NULL, NULL, 0),
	(320, 'Kabupaten Sigi', 27, 1, '2012-09-20 07:18:43', NULL, NULL, 0),
	(321, 'Kota Palu', 27, 1, '2012-09-20 07:19:08', 1, '2013-02-13 22:36:55', 0),
	(322, 'Kabupaten Bombana', 28, 1, '2012-09-20 07:19:56', NULL, NULL, 0),
	(323, 'Kabupaten Buton', 28, 1, '2012-09-20 07:20:16', NULL, NULL, 0),
	(324, 'Kabupaten Kolaka', 28, 1, '2012-09-20 07:20:38', NULL, NULL, 0),
	(325, 'Kabupaten Konawe', 28, 1, '2012-09-20 07:20:55', NULL, NULL, 0),
	(326, 'Kabupaten Muna', 28, 1, '2012-09-20 07:21:13', NULL, NULL, 0),
	(327, 'Kabupaten Wakatobi', 28, 1, '2012-09-20 07:21:32', NULL, NULL, 0),
	(328, 'Kota Bau-Bau', 28, 1, '2012-09-20 07:21:56', NULL, NULL, 0),
	(329, 'Kota Kendari', 28, 1, '2012-09-20 07:22:16', 1, '2013-02-13 23:09:40', 0),
	(330, 'Kabupaten Bolaang Mongondow', 29, 1, '2012-09-20 08:34:59', NULL, NULL, 0),
	(331, 'Kabupaten Kepulauan Sangihe', 29, 1, '2012-09-20 08:35:54', NULL, NULL, 0),
	(332, 'Kabupaten Minahasa', 29, 1, '2012-09-20 08:37:56', NULL, NULL, 0),
	(333, 'Kota Bitung', 29, 1, '2012-09-20 08:38:18', NULL, NULL, 0),
	(334, 'Kota Kotamobagu', 29, 1, '2012-09-20 08:38:38', 1, '2013-02-13 23:08:02', 0),
	(335, 'Kota Manado', 29, 1, '2012-09-20 08:38:57', 1, '2013-02-13 23:01:17', 0),
	(336, 'Kota Tomohon', 29, 1, '2012-09-20 08:39:23', 1, '2013-02-08 23:10:39', 0),
	(337, 'Kota Surabaya', 10, 1, '2012-09-22 08:31:40', 1, '2013-02-09 15:22:15', 0),
	(338, 'Kota Malang', 10, 1, '2012-09-22 08:32:03', 1, '2013-02-13 23:02:13', 0),
	(339, 'Kota Bukittinggi', 30, 1, '2012-09-24 22:48:43', 1, '2013-09-11 21:48:19', 0),
	(340, 'Kota Padang', 30, 1, '2012-09-24 22:49:02', 1, '2013-02-13 22:50:49', 0),
	(341, 'Kota Padangpanjang', 30, 1, '2012-09-24 22:49:20', 1, '2013-02-13 22:49:48', 0),
	(342, 'Kota Pariaman', 30, 1, '2012-09-24 22:49:48', 1, '2013-02-13 22:32:47', 0),
	(343, 'Kota Payakumbuh', 30, 1, '2012-09-24 22:50:03', 1, '2013-02-09 15:26:53', 0),
	(344, 'Kota Sawahlunto', 30, 1, '2012-09-24 22:50:30', 1, '2013-02-09 15:14:14', 0),
	(345, 'Kota Solok', 30, 1, '2012-09-24 22:50:47', 1, '2013-02-09 12:50:10', 0),
	(346, 'Kota Prabumulih', 31, 1, '2012-09-24 22:52:57', 1, '2013-02-09 15:18:26', 0),
	(347, 'Kota Palembang', 31, 1, '2012-09-24 22:53:10', 1, '2013-02-13 22:40:12', 0),
	(348, 'Kota Pagar Alam', 31, 1, '2012-09-24 22:53:26', 1, '2013-02-13 22:43:31', 0),
	(349, 'Kota Lubuklinggau', 31, 1, '2012-09-24 22:53:48', 1, '2013-02-13 23:05:14', 0),
	(350, 'Kabupaten Ogan Komering Ilir / ulu', 31, 1, '2012-09-24 22:54:38', NULL, NULL, 0),
	(351, 'Kabupaten Musi Rawas', 31, 1, '2012-09-24 22:55:00', NULL, NULL, 0),
	(352, 'Kabupaten Musi Banyuasin', 31, 1, '2012-09-24 22:55:46', NULL, NULL, 0),
	(353, 'Kabupaten Muara Enim', 31, 1, '2012-09-24 22:56:03', NULL, NULL, 0),
	(354, 'Kabupaten Lahat', 31, 1, '2012-09-24 22:56:24', NULL, NULL, 0),
	(355, 'Kabupaten Banyuasin', 31, 1, '2012-09-24 22:56:42', NULL, NULL, 0),
	(356, 'Kabupaten Empat Lawang', 31, 1, '2012-09-24 22:57:09', NULL, NULL, 0),
	(357, 'Kota Gunungsitoli', 32, 1, '2012-09-24 22:57:46', 1, '2013-02-13 23:15:18', 0),
	(358, 'Kota Medan', 32, 1, '2012-09-24 22:57:59', 1, '2013-02-13 22:55:53', 0),
	(359, 'Kota Padangsidempuan', 32, 1, '2012-09-24 22:58:20', 1, '2013-02-13 22:46:11', 0),
	(360, 'Kota Pematangsiantar', 32, 1, '2012-09-24 22:59:20', 1, '2013-02-09 15:21:17', 0),
	(361, 'Kota Sibolga', 32, 1, '2012-09-24 22:59:34', 1, '2013-02-09 15:11:45', 0),
	(362, 'Kota Tanjungbalai', 32, 1, '2012-09-24 22:59:51', 1, '2013-02-08 23:09:59', 0),
	(363, 'Kota Tebing Tinggi', 32, 1, '2012-09-24 23:00:09', 1, '2013-02-08 23:15:41', 0),
	(364, 'Kabupaten Labuhanbatu', 32, 1, '2012-09-24 23:00:34', NULL, NULL, 0),
	(365, 'Kabupaten Deli Serdang', 32, 1, '2012-09-24 23:00:54', NULL, NULL, 0),
	(366, 'Kabupaten Mandailing Natal', 32, 1, '2012-09-24 23:01:18', NULL, NULL, 0),
	(367, 'Kabupaten Nias', 32, 1, '2012-09-24 23:01:38', NULL, NULL, 0),
	(368, 'Kabupaten Samosir', 32, 1, '2012-09-24 23:02:10', NULL, NULL, 0),
	(369, 'Kabupaten Toba Samosir', 32, 1, '2012-09-24 23:02:36', NULL, NULL, 0),
	(370, 'Kabupaten Tapanuli', 32, 1, '2012-09-24 23:02:55', NULL, NULL, 0),
	(371, 'Kabupaten Bantul', 33, 1, '2012-09-24 23:03:31', NULL, NULL, 0),
	(372, 'Kabupaten Gunung Kidul', 33, 1, '2012-09-24 23:03:48', NULL, NULL, 0),
	(373, 'Kabupaten Kulon Progo', 33, 1, '2012-09-24 23:04:04', NULL, NULL, 0),
	(374, 'Kabupaten Sleman', 33, 1, '2012-09-24 23:04:23', NULL, NULL, 0),
	(375, 'Kota Yogyakarta', 33, 1, '2012-09-24 23:04:37', 1, '2013-01-27 18:16:14', 0),
	(376, 'Others', 40, 1, '2012-11-06 19:40:59', 1, '2013-01-20 21:36:08', 0),
	(378, 'Apung Bagan', 31, 1, '2013-10-17 15:23:32', 1, '2013-10-17 17:54:55', 1),
	(379, 'aaaa', 3, 1, '2013-10-17 17:51:57', NULL, '2013-10-17 17:52:20', 1);
/*!40000 ALTER TABLE `city` ENABLE KEYS */;


-- Dumping structure for table angket.project
CREATE TABLE IF NOT EXISTS `project` (
  `project_id` int(11) NOT NULL AUTO_INCREMENT,
  `project_name` varchar(255) NOT NULL,
  `project_description` text NOT NULL,
  `project_start` date NOT NULL,
  `project_end` date NOT NULL,
  `total_angket` int(11) NOT NULL,
  `is_start` tinyint(4) NOT NULL DEFAULT '0',
  `user_create` int(11) DEFAULT NULL,
  `create_date` datetime DEFAULT NULL,
  `user_update` int(11) DEFAULT NULL,
  `update_date` timestamp NULL DEFAULT CURRENT_TIMESTAMP ON UPDATE CURRENT_TIMESTAMP,
  `deleted` int(11) DEFAULT '0',
  PRIMARY KEY (`project_id`)
) ENGINE=MyISAM AUTO_INCREMENT=7 DEFAULT CHARSET=latin1;

-- Dumping data for table angket.project: 5 rows
/*!40000 ALTER TABLE `project` DISABLE KEYS */;
INSERT INTO `project` (`project_id`, `project_name`, `project_description`, `project_start`, `project_end`, `total_angket`, `is_start`, `user_create`, `create_date`, `user_update`, `update_date`, `deleted`) VALUES
	(1, 'Project X', 'Project X Description', '2013-10-17', '2013-11-17', 1000, 1, NULL, NULL, 1, '2013-10-17 21:14:33', 0),
	(2, 'Project Y', 'Project Y Description', '2013-10-19', '2013-11-19', 800, 0, NULL, NULL, 1, '2014-02-14 23:21:27', 0),
	(3, 'Project Z', 'Ini adalah sebuah Project Z yg blablabla', '2013-11-01', '2013-11-30', 1000, 1, 1, '2013-10-17 18:23:06', 1, '2013-10-17 20:11:26', 0),
	(5, 'Project A', 'Project A Description', '2013-11-01', '2013-12-31', 500, 1, 1, '2013-10-17 19:12:30', 1, '2013-10-17 20:55:19', 0),
	(6, 'Project B', 'Keterangan Project B', '2014-03-01', '2014-03-31', 1000, 0, 1, '2014-02-14 23:22:48', NULL, '2014-02-14 23:22:48', 0);
/*!40000 ALTER TABLE `project` ENABLE KEYS */;


-- Dumping structure for table angket.project_detail
CREATE TABLE IF NOT EXISTS `project_detail` (
  `project_detail_id` int(11) NOT NULL AUTO_INCREMENT,
  `project_id` int(11) NOT NULL,
  `province_id` int(11) NOT NULL,
  `city_id` int(11) NOT NULL,
  `jumlah_angket` int(11) NOT NULL,
  `closed` tinyint(4) NOT NULL DEFAULT '0',
  PRIMARY KEY (`project_detail_id`),
  KEY `city_id` (`city_id`),
  KEY `closed` (`closed`),
  KEY `project_id` (`project_id`)
) ENGINE=MyISAM AUTO_INCREMENT=36 DEFAULT CHARSET=latin1;

-- Dumping data for table angket.project_detail: 15 rows
/*!40000 ALTER TABLE `project_detail` DISABLE KEYS */;
INSERT INTO `project_detail` (`project_detail_id`, `project_id`, `province_id`, `city_id`, `jumlah_angket`, `closed`) VALUES
	(1, 1, 34, 42, 500, 0),
	(2, 1, 34, 43, 300, 0),
	(3, 1, 3, 4, 200, 0),
	(4, 3, 34, 42, 300, 0),
	(5, 3, 34, 44, 400, 0),
	(6, 3, 34, 43, 300, 0),
	(12, 5, 3, 47, 150, 0),
	(11, 5, 3, 70, 200, 0),
	(10, 5, 3, 4, 150, 0),
	(32, 2, 7, 94, 100, 0),
	(31, 2, 4, 78, 300, 0),
	(30, 2, 4, 76, 400, 0),
	(33, 6, 7, 91, 350, 0),
	(34, 6, 8, 9, 350, 0),
	(35, 6, 10, 143, 300, 0);
/*!40000 ALTER TABLE `project_detail` ENABLE KEYS */;


-- Dumping structure for table angket.province
CREATE TABLE IF NOT EXISTS `province` (
  `province_id` int(11) NOT NULL AUTO_INCREMENT,
  `province_name` varchar(200) NOT NULL,
  `user_create` int(11) DEFAULT NULL,
  `create_date` datetime DEFAULT NULL,
  `user_update` int(11) DEFAULT NULL,
  `update_date` timestamp NULL DEFAULT CURRENT_TIMESTAMP ON UPDATE CURRENT_TIMESTAMP,
  `deleted` int(11) DEFAULT '0',
  PRIMARY KEY (`province_id`)
) ENGINE=MyISAM AUTO_INCREMENT=48 DEFAULT CHARSET=latin1 ROW_FORMAT=DYNAMIC;

-- Dumping data for table angket.province: 39 rows
/*!40000 ALTER TABLE `province` DISABLE KEYS */;
INSERT INTO `province` (`province_id`, `province_name`, `user_create`, `create_date`, `user_update`, `update_date`, `deleted`) VALUES
	(1, 'Aceh', 1, '2012-09-07 22:45:27', 1, '2013-10-17 17:53:46', 0),
	(2, 'Bali', 1, '2012-09-07 22:45:27', 1, '2013-01-19 22:20:56', 0),
	(3, 'Banten', 1, '2012-09-07 22:45:27', 1, '2013-01-19 22:20:12', 0),
	(4, 'Bengkulu', 1, '2012-09-07 22:45:27', 1, '2013-10-17 15:24:40', 0),
	(5, 'Gorontalo', 1, '2012-09-07 22:45:27', 1, '2013-01-19 22:17:27', 0),
	(7, 'Jambi', 1, '2012-09-07 22:45:27', 1, '2013-10-17 15:09:21', 0),
	(8, 'Jawa Barat', 1, '2012-09-07 22:45:27', 1, '2013-01-19 22:14:09', 0),
	(9, 'Jawa Tengah', 1, '2012-09-07 22:45:27', 1, '2013-01-19 22:12:57', 0),
	(10, 'Jawa Timur', 1, '2012-09-07 22:45:27', 1, '2013-01-19 22:12:17', 0),
	(11, 'Kalimantan Barat', 1, '2012-09-07 22:45:27', 1, '2013-01-19 22:11:36', 0),
	(12, 'Kalimantan Selatan', 1, '2012-09-07 22:45:27', 1, '2013-01-19 22:10:47', 0),
	(13, 'Kalimantan Tengah', 1, '2012-09-07 22:45:27', 1, '2013-01-19 22:09:49', 0),
	(14, 'Kalimantan Timur', 1, '2012-09-07 22:45:27', 1, '2013-01-19 22:09:05', 0),
	(15, 'Kepulauan Bangka Belitung', 1, '2012-09-07 22:45:27', 1, '2013-01-19 22:07:04', 0),
	(16, 'Kepulauan Riau', 1, '2012-09-07 22:45:27', 1, '2013-01-19 22:05:12', 0),
	(17, 'Lampung', 1, '2012-09-07 22:45:27', 1, '2013-01-20 21:42:03', 0),
	(18, 'Maluku', 1, '2012-09-07 22:45:27', 1, '2013-01-19 22:02:53', 0),
	(19, 'Maluku Utara', 1, '2012-09-07 22:45:27', 1, '2013-01-19 22:02:10', 0),
	(20, 'Nusa Tenggara Barat', 1, '2012-09-07 22:45:27', 1, '2013-01-19 22:00:33', 0),
	(21, 'Nusa Tenggara Timur', 1, '2012-09-07 22:45:27', 1, '2013-01-19 21:59:30', 0),
	(22, 'Papua', 1, '2012-09-07 22:45:27', 1, '2013-01-19 21:58:14', 0),
	(23, 'Papua Barat', 1, '2012-09-07 22:45:27', 1, '2013-01-19 21:55:56', 0),
	(24, 'Riau', 1, '2012-09-07 22:45:27', 1, '2013-01-19 21:55:01', 0),
	(25, 'Sulawesi Barat', 1, '2012-09-07 22:45:27', 1, '2013-01-19 21:54:07', 0),
	(26, 'Sulawesi Selatan', 1, '2012-09-07 22:45:27', 1, '2013-01-19 21:53:20', 0),
	(27, 'Sulawesi Tengah', 1, '2012-09-07 22:45:27', 1, '2013-01-19 21:50:56', 0),
	(28, 'Sulawesi Tenggara', 1, '2012-09-07 22:45:27', 1, '2013-01-19 21:49:31', 0),
	(29, 'Sulawesi Utara', 1, '2012-09-07 22:45:27', 1, '2013-01-19 21:48:19', 0),
	(30, 'Sumatera Barat', 1, '2012-09-07 22:45:27', 1, '2013-01-19 21:47:14', 0),
	(31, 'Sumatera Selatan', 1, '2012-09-07 22:45:27', 1, '2013-01-19 21:46:26', 0),
	(32, 'Sumatera Utara', 1, '2012-09-07 22:45:27', 1, '2013-01-19 21:47:27', 0),
	(33, 'Yogyakarta', 1, '2012-09-07 22:45:27', 1, '2013-01-19 21:39:30', 0),
	(34, 'DKI Jakarta', 1, '2012-09-07 22:45:27', 1, '2013-09-12 20:42:08', 0),
	(40, 'Kalimantan Utara', 1, '2012-11-06 19:37:06', 1, '2013-01-19 22:08:04', 0),
	(43, 'aaZZZ', 1, '2013-10-17 15:09:44', NULL, '2013-10-17 15:10:00', 1),
	(44, 'aaa', 1, '2013-10-17 15:09:52', NULL, '2013-10-17 15:10:03', 1),
	(45, 'asd', 1, '2013-10-17 15:09:56', NULL, '2013-10-17 15:10:06', 1),
	(46, 'zxc', 1, '2013-10-17 17:47:30', NULL, '2013-10-17 17:47:47', 1),
	(47, 'aaaaazzz', 1, '2013-10-17 17:51:41', NULL, '2013-10-17 17:51:45', 1);
/*!40000 ALTER TABLE `province` ENABLE KEYS */;


-- Dumping structure for table angket.user
CREATE TABLE IF NOT EXISTS `user` (
  `user_id` int(11) NOT NULL AUTO_INCREMENT,
  `username` varchar(50) NOT NULL,
  `password` varchar(32) NOT NULL,
  `nama` varchar(50) NOT NULL,
  `alamat` varchar(255) NOT NULL,
  `email` varchar(255) NOT NULL,
  `access` tinyint(1) NOT NULL COMMENT '1=administrator, 2=uploader',
  `create_at` datetime NOT NULL,
  `create_by` int(11) NOT NULL,
  `update_at` timestamp NOT NULL DEFAULT CURRENT_TIMESTAMP ON UPDATE CURRENT_TIMESTAMP,
  `update_by` int(11) NOT NULL,
  `deleted` tinyint(1) NOT NULL DEFAULT '0',
  PRIMARY KEY (`user_id`)
) ENGINE=MyISAM AUTO_INCREMENT=3 DEFAULT CHARSET=latin1;

-- Dumping data for table angket.user: 2 rows
/*!40000 ALTER TABLE `user` DISABLE KEYS */;
INSERT INTO `user` (`user_id`, `username`, `password`, `nama`, `alamat`, `email`, `access`, `create_at`, `create_by`, `update_at`, `update_by`, `deleted`) VALUES
	(1, 'admin', '202cb962ac59075b964b07152d234b70', 'administrator', 'alamat', 'email@email.com', 1, '2013-10-17 11:31:42', 1, '2013-10-17 22:47:06', 1, 0),
	(2, 'User', '202cb962ac59075b964b07152d234b70', 'User', 'alamat', 'email@email.com', 2, '2013-10-17 11:31:42', 1, '2013-10-17 23:11:49', 1, 0);
/*!40000 ALTER TABLE `user` ENABLE KEYS */;
/*!40101 SET SQL_MODE=IFNULL(@OLD_SQL_MODE, '') */;
/*!40014 SET FOREIGN_KEY_CHECKS=IF(@OLD_FOREIGN_KEY_CHECKS IS NULL, 1, @OLD_FOREIGN_KEY_CHECKS) */;
/*!40101 SET CHARACTER_SET_CLIENT=@OLD_CHARACTER_SET_CLIENT */;
